"filename", "language", "C++", "C#", "comment", "blank", "total"
"g:\UnrealProject_56\CrossingVoid\Plugins\DreamChunkDownloader\Source\DreamChunkDownloader\DreamChunkDownloader.Build.cs", "C#", 0, 48, 6, 12, 66
"g:\UnrealProject_56\CrossingVoid\Plugins\DreamChunkDownloader\Source\DreamChunkDownloader\Private\DreamChunkDownload.cpp", "C++", 185, 0, 24, 34, 243
"g:\UnrealProject_56\CrossingVoid\Plugins\DreamChunkDownloader\Source\DreamChunkDownloader\Private\DreamChunkDownloaderLog.cpp", "C++", 2, 0, 0, 1, 3
"g:\UnrealProject_56\CrossingVoid\Plugins\DreamChunkDownloader\Source\DreamChunkDownloader\Private\DreamChunkDownloaderModule.cpp", "C++", 35, 0, 1, 8, 44
"g:\UnrealProject_56\CrossingVoid\Plugins\DreamChunkDownloader\Source\DreamChunkDownloader\Private\DreamChunkDownloaderPakMountWork.cpp", "C++", 35, 0, 3, 5, 43
"g:\UnrealProject_56\CrossingVoid\Plugins\DreamChunkDownloader\Source\DreamChunkDownloader\Private\DreamChunkDownloaderPlatformStreamDownload.cpp", "C++", 94, 0, 21, 11, 126
"g:\UnrealProject_56\CrossingVoid\Plugins\DreamChunkDownloader\Source\DreamChunkDownloader\Private\DreamChunkDownloaderPlatformWrapper.cpp", "C++", 67, 0, 4, 13, 84
"g:\UnrealProject_56\CrossingVoid\Plugins\DreamChunkDownloader\Source\DreamChunkDownloader\Private\DreamChunkDownloaderSettings.cpp", "C++", 5, 0, 1, 4, 10
"g:\UnrealProject_56\CrossingVoid\Plugins\DreamChunkDownloader\Source\DreamChunkDownloader\Private\DreamChunkDownloaderSubsystem.cpp", "C++", 1801, 0, 236, 320, 2357
"g:\UnrealProject_56\CrossingVoid\Plugins\DreamChunkDownloader\Source\DreamChunkDownloader\Private\DreamChunkDownloaderTypes.cpp", "C++", 22, 0, 3, 4, 29
"g:\UnrealProject_56\CrossingVoid\Plugins\DreamChunkDownloader\Source\DreamChunkDownloader\Private\DreamChunkDownloaderUtils.cpp", "C++", 328, 0, 20, 60, 408
"g:\UnrealProject_56\CrossingVoid\Plugins\DreamChunkDownloader\Source\DreamChunkDownloader\Public\DreamChunkDownload.h", "C++", 31, 0, 1, 9, 41
"g:\UnrealProject_56\CrossingVoid\Plugins\DreamChunkDownloader\Source\DreamChunkDownloader\Public\DreamChunkDownloaderLog.h", "C++", 5, 0, 0, 3, 8
"g:\UnrealProject_56\CrossingVoid\Plugins\DreamChunkDownloader\Source\DreamChunkDownloader\Public\DreamChunkDownloaderModule.h", "C++", 8, 0, 2, 5, 15
"g:\UnrealProject_56\CrossingVoid\Plugins\DreamChunkDownloader\Source\DreamChunkDownloader\Public\DreamChunkDownloaderPakMountWork.h", "C++", 22, 0, 4, 13, 39
"g:\UnrealProject_56\CrossingVoid\Plugins\DreamChunkDownloader\Source\DreamChunkDownloader\Public\DreamChunkDownloaderPlatformStreamDownload.h", "C++", 8, 0, 2, 6, 16
"g:\UnrealProject_56\CrossingVoid\Plugins\DreamChunkDownloader\Source\DreamChunkDownloader\Public\DreamChunkDownloaderPlatformWrapper.h", "C++", 27, 0, 0, 8, 35
"g:\UnrealProject_56\CrossingVoid\Plugins\DreamChunkDownloader\Source\DreamChunkDownloader\Public\DreamChunkDownloaderSettings.h", "C++", 40, 0, 25, 18, 83
"g:\UnrealProject_56\CrossingVoid\Plugins\DreamChunkDownloader\Source\DreamChunkDownloader\Public\DreamChunkDownloaderSubsystem.h", "C++", 139, 0, 16, 59, 214
"g:\UnrealProject_56\CrossingVoid\Plugins\DreamChunkDownloader\Source\DreamChunkDownloader\Public\DreamChunkDownloaderTypes.h", "C++", 181, 0, 15, 49, 245
"g:\UnrealProject_56\CrossingVoid\Plugins\DreamChunkDownloader\Source\DreamChunkDownloader\Public\DreamChunkDownloaderUtils.h", "C++", 16, 0, 0, 4, 20
"Total", "-", 3051, 48, 384, 646, 4129